First Name,Last Name,Age,Gender
Liam,Anderson,4,male
Noah,Brown,5,male
Oliver,Clark,3,male
Elijah,Davis,2,male
James,Wilson,1,male
William,Evans,7,male
Benjamin,Harris,8,male
Lucas,Martin,6,male
Henry,Hall,9,male
Alexander,Allen,7,male
Mason,Young,12,male
Ethan,King,11,male
Michael,Wright,10,male
Daniel,Scott,13,male
Jacob,Green,12,male
Logan,Baker,16,male
Jackson,Adams,14,male
Levi,Nelson,17,male
Sebastian,Hill,15,male
Mateo,Ramirez,16,male
Jack,Campbell,20,male
Owen,Mitchell,25,male
Theodore,Carter,19,male
Aiden,Roberts,29,male
Samuel,Phillips,30,male
Joseph,Turner,33,male
David,Parker,40,male
Wyatt,Cook,35,male
John,Morris,31,male
Luke,Rogers,44,male
Julian,Reed,47,male
Isaac,Bennett,52,male
Gabriel,Barnes,49,male
Anthony,Long,58,male
Dylan,Ross,61,male
Andrew,Henderson,45,male
Emma,Brooks,3,female
Olivia,Foster,5,female
Ava,Sanders,4,female
Sophia,Price,2,female
Isabella,Bell,1,female
Mia,Coleman,8,female
Amelia,Perry,6,female
Harper,Powell,9,female
Evelyn,Jenkins,7,female
Abigail,Russell,6,female
Emily,Sullivan,12,female
Elizabeth,Ortiz,10,female
Sofia,Jenkins,11,female
Charlotte,Gray,13,female
Scarlett,Rivera,12,female
Victoria,Kelly,14,female
Luna,Howard,16,female
Grace,Cox,17,female
Chloe,Ward,15,female
Penelope,Peterson,14,female
Layla,Cooper,18,female
Zoey,Richardson,22,female
Nora,Cook,28,female
Hazel,Watson,19,female
Lily,Bailey,26,female
Ellie,Reed,32,female
Mila,Hughes,33,female
Aria,Bryant,40,female
Riley,Myers,44,female
Stella,Price,31,female
Hannah,Stewart,43,female
Aurora,Morgan,47,female
Paisley,Kelly,53,female
Addison,Fisher,46,female
Eleanor,Harrison,60,female
Natalie,Graham,48,female
Zoe,Wallace,45,female
